Num Clients,Throughput,Avg Response Time
10,4.555996,1.09
20,5.040966,1.4
40,6.0332023,6.79
80,9.54905349,9.38
100,9.81251234,10.12
200,11.02214359,11.91
