Num Clients,Version 1,Version 2,Version 3
10,4.555996,4.001521,4.280308
20,5.040966,5.443122,10.155241
40,6.0332023,6.547793,15.012177
80,9.54905349,7.0229534,17.285337
100,9.81251234,6.9510808,18.237232
200,11.02214359,7.5346308,20.0442716
